Conversion,VectorDataBase
Conversion,LabelMap
Conversion,GdalAdapters
Conversion,VectorDataManipulation
Conversion,IOGDAL
Conversion,Streaming
Conversion,Common
Conversion,VectorDataIO
Conversion,ImageBase
Conversion,Boost
Conversion,GDAL
ColorMap,Common
Density,PointSet
Density,Common
CCOBIA,Conversion
CCOBIA,Statistics
CCOBIA,Projection
CCOBIA,Moments
CCOBIA,LabelMap
CCOBIA,Streaming
CCOBIA,Common
CCOBIA,MathParser
PointSet,Common
PointSet,Interpolation
Labelling,PointSet
Labelling,ImageManipulation
Metadata,Boost
Metadata,Common
Metadata,OSSIMAdapters
Metadata,ObjectList
DisplacementField,ImageBase
DisplacementField,Transform
DisplacementField,Common
DisplacementField,OSSIMAdapters
DisplacementField,ObjectList
IOKML,VectorDataBase
IOKML,Projection
IOKML,libkml
IOKML,OSSIMAdapters
IOKML,Common
IOKML,GDAL
Path,VectorDataBase
Path,ImageBase
Path,Common
Path,ObjectList
Stereo,Statistics
Stereo,ITKPendingPatches
Stereo,ImageBase
Stereo,Transform
Stereo,Common
Stereo,Interpolation
Stereo,OSSIMAdapters
Stereo,ObjectList
UrbanArea,Indices
UrbanArea,ImageBase
UrbanArea,Edge
UrbanArea,Statistics
UrbanArea,ImageManipulation
CommandLine,ApplicationEngine
CommandLine,TinyXML
CommandLine,Common
Simulation,Statistics
Simulation,Metadata
Simulation,ImageBase
Simulation,LabelMap
Simulation,ImageManipulation
Simulation,Common
Simulation,Indices
Simulation,OpticalCalibration
Simulation,ObjectList
Simulation,Boost
Simulation,Interpolation
LearningBase,OpenCVAdapters
LearningBase,Common
LearningBase,SVMLearning
ApplicationEngine,VectorDataBase
ApplicationEngine,ImageManipulation
ApplicationEngine,ImageIO
ApplicationEngine,Projection
ApplicationEngine,TinyXML
ApplicationEngine,VectorDataIO
ApplicationEngine,Transform
ApplicationEngine,Common
ApplicationEngine,ImageBase
ApplicationEngine,Boost
ApplicationEngine,OSSIMAdapters
ApplicationEngine,ObjectList
Indices,VectorDataBase
Indices,ImageManipulation
Indices,ITKPendingPatches
Indices,Common
Indices,Fuzzy
Indices,Path
Indices,Metadata
ExtendedFilename,IOGDAL
ExtendedFilename,Boost
GdalAdapters,BoostAdapters
GdalAdapters,Boost
GdalAdapters,Common
GdalAdapters,GDAL
EdisonMeanShift,VectorDataBase
EdisonMeanShift,ImageBase
EdisonMeanShift,Edison
EdisonMeanShift,Common
EdisonMeanShift,ObjectList
QtWidget,ApplicationEngine
QtWidget,Qt4
VectorDataManipulation,VectorDataBase
VectorDataManipulation,ImageManipulation
VectorDataManipulation,Transform
VectorDataManipulation,OSSIMAdapters
VectorDataManipulation,Common
VectorDataManipulation,GDAL
VectorDataManipulation,Path
VectorDataManipulation,ObjectList
VectorDataRendering,Mapnik
VectorDataRendering,VectorDataBase
VectorDataRendering,VectorDataManipulation
Streaming,ImageBase
Streaming,OSSIMAdapters
Streaming,Common
Streaming,ITKPendingPatches
Streaming,ObjectList
Corner,VectorDataBase
Corner,Descriptors
Corner,SpatialObjects
Corner,VectorDataManipulation
Corner,PointSet
Corner,ImageManipulation
Corner,Common
VectorDataBase,Common
VectorDataBase,OSSIMAdapters
VectorDataBase,GDAL
VectorDataBase,ObjectList
Statistics,VectorDataBase
Statistics,ImageManipulation
Statistics,Projection
Statistics,ITKPendingPatches
Statistics,ImageBase
Statistics,LabelMap
Statistics,Streaming
Statistics,Common
Statistics,ObjectList
MorphologicalPyramid,ImageBase
MorphologicalPyramid,PointSet
MorphologicalPyramid,ObjectList
MorphologicalPyramid,ImageManipulation
MorphologicalPyramid,Common
ImageNoise,ImageManipulation
Wavelet,ObjectList
Wavelet,Common
Wavelet,ImageManipulation
SeamCarving,Path
SeamCarving,Common
VectorDataIO,VectorDataBase
VectorDataIO,VectorDataManipulation
VectorDataIO,Common
VectorDataIO,IOGDAL
VectorDataIO,IOKML
SVMLearning,VectorDataBase
SVMLearning,ImageBase
SVMLearning,LibSVM
SVMLearning,LabelMap
SVMLearning,Streaming
SVMLearning,Common
EndmembersExtraction,Statistics
EndmembersExtraction,Projection
EndmembersExtraction,ImageBase
EndmembersExtraction,DimensionalityReduction
EndmembersExtraction,ImageManipulation
EndmembersExtraction,Boost
EndmembersExtraction,Common
Moments,VectorDataBase
Moments,VectorDataManipulation
Moments,Statistics
Moments,ImageBase
Moments,LabelMap
Moments,Common
Moments,Path
ImageBase,Common
ImageBase,OSSIMAdapters
ImageBase,ITKPendingPatches
ImageBase,Metadata
DimensionalityReduction,ImageBase
DimensionalityReduction,Statistics
DimensionalityReduction,ObjectList
DimensionalityReduction,ImageManipulation
DimensionalityReduction,Common
ImageManipulation,ITKPendingPatches
ImageManipulation,ImageBase
ImageManipulation,Transform
ImageManipulation,Streaming
ImageManipulation,Common
ImageManipulation,Interpolation
ImageManipulation,OSSIMAdapters
ImageManipulation,ObjectList
CloudDetection,ImageManipulation
CloudDetection,ITKPendingPatches
IOMW,ImageBase
IOMW,Common
ImageIO,IORAD
ImageIO,IOONERA
ImageIO,IOJPEG2000
ImageIO,ITKPendingPatches
ImageIO,IOLUM
ImageIO,ImageBase
ImageIO,IOMW
ImageIO,IOMSTAR
ImageIO,IOBSQ
ImageIO,IOGDAL
ImageIO,Streaming
ImageIO,Boost
ImageIO,IOTileMap
ImageIO,Common
ImageIO,ExtendedFilename
ImageIO,OSSIMAdapters
ImageIO,ObjectList
Transform,ITKPendingPatches
Transform,Common
Transform,GDAL
Transform,Boost
Transform,OSSIMAdapters
Transform,Interpolation
Smoothing,ImageBase
Smoothing,Common
IOGDAL,VectorDataBase
IOGDAL,GdalAdapters
IOGDAL,TinyXML
IOGDAL,ImageBase
IOGDAL,Common
IOGDAL,GDAL
IOGDAL,Boost
IOGDAL,OSSIMAdapters
OpenCVAdapters,OpenCV
OpenCVAdapters,Boost
OpenCVAdapters,Common
ObjectDetection,VectorDataBase
ObjectDetection,Textures
ObjectDetection,Statistics
ObjectDetection,Moments
ObjectDetection,Descriptors
ObjectDetection,Streaming
ObjectDetection,Common
ObjectDetection,ImageBase
ObjectDetection,ObjectList
ObjectDetection,ImageManipulation
Textures,Common
Descriptors,SiftFast
Descriptors,ITKPendingPatches
Descriptors,ImageBase
Descriptors,Transform
Descriptors,PointSet
Descriptors,Common
Descriptors,ObjectList
IOBSQ,ImageBase
IOBSQ,Common
Fuzzy,Common
Fuzzy,TinyXML
OpticalCalibration,ImageBase
OpticalCalibration,6S
OpticalCalibration,ImageManipulation
OpticalCalibration,Indices
OpticalCalibration,Common
OpticalCalibration,Metadata
OpticalCalibration,Boost
OpticalCalibration,OSSIMAdapters
OpticalCalibration,ObjectList
Polarimetry,Common
Polarimetry,ITKPendingPatches
OSSIMAdapters,GDAL
OSSIMAdapters,Common
OSSIMAdapters,Ossim
OSSIMAdapters,OssimPlugins
OSSIMAdapters,OpenThreads
Edge,VectorDataBase
Edge,Conversion
Edge,Projection
Edge,ITKPendingPatches
Edge,ImageBase
Edge,SpatialObjects
Edge,Streaming
Edge,ImageManipulation
Edge,Path
Edge,ObjectList
Edge,Common
MorphologicalProfiles,ImageBase
MorphologicalProfiles,ObjectList
MorphologicalProfiles,Common
MorphologicalProfiles,ImageManipulation
MathParser,VectorDataBase
MathParser,Path
MathParser,MuParser
MathParser,MuParserX
MathParser,Statistics
MathParser,Common
MathParser,ImageManipulation
Projection,VectorDataBase
Projection,GdalAdapters
Projection,ImageBase
Projection,Transform
Projection,VectorDataManipulation
Projection,OSSIMAdapters
Projection,ImageManipulation
Projection,Metadata
Projection,Boost
Projection,GDAL
Projection,Common
SpatialObjects,Common
IOONERA,ImageBase
IOONERA,Common
RoadExtraction,VectorDataBase
RoadExtraction,ImageBase
RoadExtraction,VectorDataManipulation
RoadExtraction,ImageManipulation
RoadExtraction,MathParser
RoadExtraction,Path
RoadExtraction,ObjectList
RoadExtraction,Common
CurlAdapters,Curl
CurlAdapters,Common
ObjectList,Common
OGRProcessing,GdalAdapters
OGRProcessing,Projection
OGRProcessing,Conversion
OGRProcessing,Smoothing
OGRProcessing,Streaming
OGRProcessing,EdisonMeanShift
OGRProcessing,Common
OGRProcessing,Labelling
OGRProcessing,GDAL
PanSharpening,ImageBase
PanSharpening,Statistics
PanSharpening,ImageManipulation
PanSharpening,Convolution
IOTileMap,IOGDAL
IOTileMap,ImageBase
IOTileMap,Common
IOTileMap,CurlAdapters
Carto,VectorDataBase
Carto,ImageIO
Carto,Projection
Carto,TinyXML
Carto,ImageBase
Carto,Transform
Carto,Common
Carto,CurlAdapters
Carto,VectorDataIO
Carto,ImageManipulation
Interpolation,ImageBase
Interpolation,Boost
Interpolation,Common
Interpolation,ITKPendingPatches
IOMSTAR,ImageBase
IOMSTAR,Common
TestKernel,GdalAdapters
TestKernel,ImageIO
TestKernel,ImageBase
TestKernel,Common
TestKernel,GDAL
TestKernel,OSSIMAdapters
TestKernel,ImageManipulation
SOM,ImageBase
SOM,Common
SOM,ITKPendingPatches
Metrics,Common
BoostAdapters,Boost
ChangeDetection,Projection
ChangeDetection,Statistics
ChangeDetection,ImageManipulation
ChangeDetection,Common
Unmixing,DimensionalityReduction
Unmixing,Statistics
Unmixing,Boost
Unmixing,Common
Unmixing,Wavelet
IOLUM,ImageBase
IOLUM,Common
MeanShift,CCOBIA
MeanShift,Conversion
MeanShift,Smoothing
MeanShift,MathParser
Common,ConfigFile
Common,ITK
Common,ITKPendingPatches
Markov,Boost
Markov,Common
IORAD,ImageBase
IORAD,Common
DempsterShafer,VectorDataBase
DempsterShafer,ImageBase
DempsterShafer,VectorDataManipulation
DempsterShafer,LearningBase
DempsterShafer,Common
DempsterShafer,MathParser
DempsterShafer,Fuzzy
IOJPEG2000,TinyXML
IOJPEG2000,ImageBase
IOJPEG2000,OSSIMAdapters
IOJPEG2000,Common
IOJPEG2000,OpenJPEG
IOJPEG2000,Boost
IOJPEG2000,GDAL
DisparityMap,Stereo
DisparityMap,ITKPendingPatches
DisparityMap,ImageBase
DisparityMap,Transform
DisparityMap,PointSet
DisparityMap,Common
Convolution,Common
RCC8,ImageManipulation
RCC8,ImageBase
RCC8,RoadExtraction
RCC8,Common
RCC8,Path
RCC8,Boost
RCC8,ObjectList
IOXML,ITK
IOXML,TinyXML
Watersheds,Common
KMZWriter,VectorDataBase
KMZWriter,ImageIO
KMZWriter,ImageBase
KMZWriter,Transform
KMZWriter,OSSIMAdapters
KMZWriter,ImageManipulation
KMZWriter,VectorDataIO
KMZWriter,libkml
LabelMap,VectorDataBase
LabelMap,Common
SARCalibration,ITKPendingPatches
SARCalibration,Common
SARCalibration,OSSIMAdapters
SARCalibration,Metadata
ITKPendingPatches,ITK
