# Monolithic path,Current dir,group name,module name,subdirectory,comment
./Applications/CartographicDBValidation/otbComputePolylineFeatureFromImage.cxx,CartographicDBValidation,Applications,AppClassification,app,
./Applications/CartographicDBValidation/otbDSFuzzyModelEstimation.cxx,CartographicDBValidation,Applications,AppClassification,app,
./Applications/CartographicDBValidation/otbVectorDataDSValidation.cxx,CartographicDBValidation,Applications,AppClassification,app,
./Applications/ChangeDetection/otbMultivariateAlterationDetector.cxx,ChangeDetection,Applications,AppChangeDetection,app,
./Applications/Classification/otbClassificationMapRegularization.cxx,Classification,Applications,AppClassification,app,
./Applications/Classification/otbComputeConfusionMatrix.cxx,Classification,Applications,AppClassification,app,
./Applications/Classification/otbComputeImagesStatistics.cxx,Classification,Applications,AppClassification,app,
./Applications/Classification/otbComputeOGRLayersFeaturesStatistics.cxx,Classification,Applications,AppClassification,app,
./Applications/Classification/otbFusionOfClassifications.cxx,Classification,Applications,AppClassification,app,
./Applications/Classification/otbImageClassifier.cxx,Classification,Applications,AppClassification,app,
./Applications/Classification/otbKMeansClassification.cxx,Classification,Applications,AppClassification,app,
./Applications/Classification/otbOGRLayerClassifier.cxx,Classification,Applications,AppClassification,app,
./Applications/Classification/otbSOMClassification.cxx,Classification,Applications,AppClassification,app,
./Applications/Classification/otbTrainBoost.cxx,Classification,Applications,AppClassification,app,
./Applications/Classification/otbTrainDecisionTree.cxx,Classification,Applications,AppClassification,app,
./Applications/Classification/otbTrainGradientBoostedTree.cxx,Classification,Applications,AppClassification,app
./Applications/Classification/otbTrainImagesClassifier.cxx,Classification,Applications,AppClassification,app
./Applications/Classification/otbTrainImagesClassifier.h,Classification,Applications,AppClassification,app
./Applications/Classification/otbTrainKNN.cxx,Classification,Applications,AppClassification,app
./Applications/Classification/otbTrainLibSVM.cxx,Classification,Applications,AppClassification,app
./Applications/Classification/otbTrainNeuralNetwork.cxx,Classification,Applications,AppClassification,app
./Applications/Classification/otbTrainNormalBayes.cxx,Classification,Applications,AppClassification,app
./Applications/Classification/otbTrainOGRLayersClassifier.cxx,Classification,Applications,AppClassification,app
./Applications/Classification/otbTrainRandomForests.cxx,Classification,Applications,AppClassification,app
./Applications/Classification/otbTrainSVM.cxx,Classification,Applications,AppClassification,app
./Applications/DisparityMap/otbBlockMatching.cxx,DisparityMap,Applications,AppStereo,app
./Applications/DisparityMap/otbDisparityMapToElevationMap.cxx,DisparityMap,Applications,AppStereo,app
./Applications/DisparityMap/otbFineRegistration.cxx,DisparityMap,Applications,AppStereo,app
./Applications/DisparityMap/otbGeneratePlyFile.cxx,DisparityMap,Applications,AppStereo,app
./Applications/DisparityMap/otbStereoFramework.cxx,DisparityMap,Applications,AppStereo,app
./Applications/DisparityMap/otbStereoRectificationGridGenerator.cxx,DisparityMap,Applications,AppStereo,app
./Applications/FeatureExtraction/otbBinaryMorphologicalOperation.cxx,FeatureExtraction,Applications,AppMorphology,app
./Applications/FeatureExtraction/otbDimensionalityReduction.cxx,FeatureExtraction,Applications,AppDimensionalityReduction,app
./Applications/FeatureExtraction/otbEdgeExtraction.cxx,FeatureExtraction,Applications,AppEdge,app
./Applications/FeatureExtraction/otbGrayScaleMorphologicalOperation.cxx,FeatureExtraction,Applications,AppMorphology,app
./Applications/FeatureExtraction/otbHaralickTextureExtraction.cxx,FeatureExtraction,Applications,AppTextures,app
./Applications/FeatureExtraction/otbHomologousPointsExtraction.cxx,FeatureExtraction,Applications,AppDescriptors,app
./Applications/FeatureExtraction/otbLineSegmentDetection.cxx,FeatureExtraction,Applications,AppEdge,app
./Applications/FeatureExtraction/otbLocalStatisticExtraction.cxx,FeatureExtraction,Applications,AppMoments,app
./Applications/FeatureExtraction/otbRadiometricIndices.cxx,FeatureExtraction,Applications,AppIndices,app
./Applications/FeatureExtraction/otbSFSTextureExtraction.cxx,FeatureExtraction,Applications,AppTextures,app
./Applications/Filtering/otbDespeckle.cxx,Filtering,Applications,AppFiltering,app
./Applications/Filtering/otbSmoothing.cxx,Filtering,Applications,AppFiltering,app
./Applications/Fusion/otbPansharpening.cxx,Fusion,Applications,AppFusion,app
./Applications/Hyperspectral/otbHyperspectralUnmixing.cxx,Hyperspectral,Applications,AppHyperspectral,app
./Applications/Hyperspectral/otbVertexComponentAnalysis.cxx,Hyperspectral,Applications,AppHyperspectral,app
./Applications/Projections/otbBundleToPerfectSensor.cxx,Projections,Applications,AppFusion,app
./Applications/Projections/otbConvertCartoToGeoPoint.cxx,Projections,Applications,AppProjection,app
./Applications/Projections/otbConvertSensorToGeoPoint.cxx,Projections,Applications,AppProjection,app
./Applications/Projections/otbGenerateRPCSensorModel.cxx,Projections,Applications,AppProjection,app
./Applications/Projections/otbGridBasedImageResampling.cxx,Projections,Applications,AppProjection,app
./Applications/Projections/otbImageEnvelope.cxx,Projections,Applications,AppProjection,app
./Applications/Projections/otbObtainUTMZoneFromGeoPoint.cxx,Projections,Applications,AppProjection,app
./Applications/Projections/otbOrthoRectification.cxx,Projections,Applications,AppProjection,app
./Applications/Projections/otbRefineSensorModel.cxx,Projections,Applications,AppProjection,app
./Applications/Projections/otbRigidTransformResample.cxx,Projections,Applications,AppProjection,app
./Applications/Projections/otbSuperimpose.cxx,Projections,Applications,AppProjection,app
./Applications/Projections/otbVectorDataReprojection.cxx,Projections,Applications,AppProjection,app
./Applications/Radiometry/otbOpticalCalibration.cxx,Radiometry,Applications,AppOpticalCalibration,app
./Applications/Radiometry/otbSarRadiometricCalibration.cxx,Radiometry,Applications,AppSARCalibration,app
./Applications/Rasterization/otbRasterization.cxx,Rasterization,Applications,AppVectorDataTranslation,app
./Applications/Segmentation/otbConnectedComponentSegmentation.cxx,Segmentation,Applications,AppSegmentation,app
./Applications/Segmentation/otbHooverCompareSegmentation.cxx,Segmentation,Applications,AppSegmentation,app
./Applications/Segmentation/otbLSMSSegmentation.cxx,Segmentation,Applications,AppSegmentation,app
./Applications/Segmentation/otbLSMSSmallRegionsMerging.cxx,Segmentation,Applications,AppSegmentation,app
./Applications/Segmentation/otbLSMSVectorization.cxx,Segmentation,Applications,AppSegmentation,app
./Applications/Segmentation/otbMeanShiftSmoothing.cxx,Segmentation,Applications,AppSegmentation,app
./Applications/Segmentation/otbSegmentation.cxx,Segmentation,Applications,AppSegmentation,app
./Applications/Test/otbTestApplication.cxx,Test,Applications,AppTest,app
./Applications/Utils/otbBandMath.cxx,Utils,Applications,AppImageUtils,app
./Applications/Utils/otbBandMathX.cxx,Utils,Applications,AppImageUtils,app
./Applications/Utils/otbColorMapping.cxx,Utils,Applications,AppImageUtils,app
./Applications/Utils/otbCompareImages.cxx,Utils,Applications,AppImageUtils,app
./Applications/Utils/otbConcatenateImages.cxx,Utils,Applications,AppImageUtils,app
./Applications/Utils/otbConcatenateVectorData.cxx,Utils,Applications,AppVectorUtils,app
./Applications/Utils/otbConvert.cxx,Utils,Applications,AppImageUtils,app
./Applications/Utils/otbDEMConvert.cxx,Utils,Applications,AppImageUtils,app
./Applications/Utils/otbDownloadSRTMTiles.cxx,Utils,Applications,AppImageUtils,app
./Applications/Utils/otbExtractROI.cxx,Utils,Applications,AppImageUtils,app
./Applications/Utils/otbKmzExport.cxx,Utils,Applications,AppImageUtils,app
./Applications/Utils/otbMultiResolutionPyramid.cxx,Utils,Applications,AppImageUtils,app
./Applications/Utils/otbOSMDownloader.cxx,Utils,Applications,AppVectorUtils,app
./Applications/Utils/otbPixelValue.cxx,Utils,Applications,AppImageUtils,app
./Applications/Utils/otbQuicklook.cxx,Utils,Applications,AppImageUtils,app
./Applications/Utils/otbReadImageInfo.cxx,Utils,Applications,AppImageUtils,app
./Applications/Utils/otbRescale.cxx,Utils,Applications,AppImageUtils,app
./Applications/Utils/otbSplitImage.cxx,Utils,Applications,AppImageUtils,app
./Applications/Utils/otbTileFusion.cxx,Utils,Applications,AppImageUtils,app
./Applications/Utils/otbVectorDataExtractROI.cxx,Utils,Applications,AppVectorUtils,app
./Applications/Utils/otbVectorDataSetField.cxx,Utils,Applications,AppVectorUtils,app
./Applications/Utils/otbVectorDataTransform.cxx,Utils,Applications,AppVectorUtils,app
